Time,Pseudoproxy,95% CI Lower Bound,95% CI Upper Bound
15,-84.75621382469308,-112.38123644470015,-57.225401650140846
45,-129.34884352724214,-155.6279161142352,-103.15939125182723
75,-149.26516883503825,-174.94310220049718,-123.6748056979911
105,-137.08845529312532,-163.1339213226829,-111.13181289967733
135,-122.54091248444627,-149.02547048624734,-96.14667556731334
165,-127.18246753246751,-153.52692836548098,-100.92785000653419
195,-116.31000000000006,-142.98262712712716,-89.72833533533527
225,-116.31000000000006,-142.98262712712716,-89.72833533533527
255,-117.02207896857374,-143.67321324547754,-90.46183385641876
285,-131.33677567037284,-157.55584602490006,-105.20712100000596
315,-154.96292447336873,-180.46888111440776,-129.5439515633461
345,-151.67707449529735,-177.28220873397896,-126.15926221597614
375,-151.60187598528637,-177.20927995862385,-126.08180171185374
405,-141.39753574783435,-167.31293976896225,-115.57051180843716
435,-152.33452597648852,-177.9198161994949,-126.83649003819896
465,-146.9842827973456,-172.73106069290333,-121.32530991277142
495,-120.42018604651162,-146.96875444281494,-93.96215703145
525,-109.85970802919724,-136.72702586528143,-83.08401661515539
555,-116.31000000000006,-142.98262712712716,-89.72833533533527
585,-116.31000000000006,-142.98262712712716,-89.72833533533527
615,-101.24380983606568,-128.37118339290126,-74.20894957711818
645,-125.80942392502766,-152.1953276624199,-99.51350482869861
675,-135.2026419140809,-161.30502790096588,-109.18927367914807
705,-145.65023886301208,-171.4372825264654,-119.95113753010152
735,-148.41960921843702,-174.12306431251957,-122.80381139028503
765,-137.58311289430003,-163.6136485548914,-111.64134995233202
795,-145.97712607120775,-171.75430321968764,-120.2878576051977
825,-127.1769361590791,-153.5215639468617,-100.92215224774762
855,-123.74846801346791,-150.19657807723544,-97.39055473486944
885,-110.92164634146343,-137.7569114388779,-84.1778983556727
915,30.97166666666658,-0.14639831498179753,61.98360877544195
945,-116.31000000000006,-142.98262712712716,-89.72833533533527
975,-126.47372856545383,-152.83958143662275,-100.1977919552761
1005,-141.1142127454524,-167.03816837268545,-115.27866636374961
1035,-150.1558673962022,-175.80691659345217,-124.59229674347662
1065,-153.77832366154996,-179.32003539289013,-128.32371759788617
1095,-156.08360698532715,-181.55573779743375,-130.69834454699534
1125,-138.26330503144663,-164.27331028969226,-112.34200247637577
1155,-146.11001849743877,-171.8831845219579,-120.42474747613285
1185,-155.00070770485138,-180.50552392555633,-129.5828713259531
1215,-130.64214682031582,-156.88218332395562,-104.49159750232508
1245,-116.31000000000006,-142.98262712712716,-89.72833533533527
1275,-116.31000000000006,-142.98262712712716,-89.72833533533527
1305,-116.31000000000006,-142.98262712712716,-89.72833533533527
1335,-103.40941605839419,-130.47142460343568,-76.43969789497527
1365,-138.5859573244079,-164.586223891142,-112.674360248696
1395,-146.53338016911357,-172.29376776679925,-120.86084399598784
1425,-153.80793401388848,-179.34875200886503,-128.354218638652
1455,-148.95970345162868,-174.64685675198788,-123.36015182270266
1485,-124.99204853728281,-151.4026233119623,-98.67154254004723
1515,-166.72006311613382,-191.87115122284467,-141.65474852160412
1545,-170.0443632588491,-195.09511321737995,-145.07904462629526
1575,-142.01259304905102,-167.9094326482016,-116.20407022082472
1605,-113.76609211946743,-140.51550262803278,-87.10790593003934
1635,-116.31000000000006,-142.98262712712716,-89.72833533533527
1665,-53.189285714285575,-81.76710049335041,-24.708930716430515
1695,-116.31000000000006,-142.98262712712716,-89.72833533533527
1725,-127.0969048069644,-153.44394820023473,-100.83971352815725
1755,-138.34510114074897,-164.3526375274177,-112.42625903758815
1785,-153.35540026297474,-178.9098771926463,-127.88807253451918
1815,-134.57060134664505,-160.69206436550334,-108.53822113871479
1845,-139.25003386004516,-165.23025644549747,-113.35841240902296
1875,-125.7109574468085,-152.0998332215193,-99.41207644878912
1905,-134.53041237113405,-160.65308842347508,-108.49682326656546
1935,-138.87229787234048,-164.8639217536686,-112.96931400762462
1965,-116.31000000000006,-142.98262712712716,-89.72833533533527
1995,-116.31000000000006,-142.98262712712716,-89.72833533533527
2025,-116.31000000000006,-142.98262712712716,-89.72833533533527
2055,-116.31000000000006,-142.98262712712716,-89.72833533533527
2085,-116.31000000000006,-142.98262712712716,-89.72833533533527
2115,-124.08129113924042,-150.51935552281128,-97.73338928175338
2145,-147.34294986679583,-173.07890202820897,-121.6947657970394
2175,-137.06781879194637,-163.11390769796654,-111.11055564625033
2205,-144.6979689119171,-170.51375516760277,-118.9702230085006
2235,-116.31000000000006,-142.98262712712716,-89.72833533533527
2265,-134.67769053117786,-160.7959212515055,-108.64853159857303
2295,-126.23910112359545,-152.6120358110919,-99.95610684842131
2325,-116.31000000000006,-142.98262712712716,-89.72833533533527
2355,-116.31000000000006,-142.98262712712716,-89.72833533533527
2385,-116.31000000000006,-142.98262712712716,-89.72833533533527
2415,-116.31000000000006,-142.98262712712716,-89.72833533533527
2445,-129.1792718446601,-155.46346265440192,-102.98471880132547
2475,-152.0904076805342,-177.6830661845928,-126.58502858946315
2505,-152.24954545454534,-177.837400665019,-126.74895327624267
2535,-128.458288248337,-154.7642406788163,-102.24204779857455
2565,-122.04080415045394,-148.5404570419966,-95.63152382213589
2595,-135.67290442890453,-161.76109636956306,-109.67368183381517
2625,-142.8980470459519,-168.76816077483392,-117.1161589439548
2655,-116.31000000000006,-142.98262712712716,-89.72833533533527
2685,-116.31000000000006,-142.98262712712716,-89.72833533533527
2715,-116.31000000000006,-142.98262712712716,-89.72833533533527
2745,-130.62076923076927,-156.86145097931941,-104.46957686836635
2775,-116.31000000000006,-142.98262712712716,-89.72833533533527
2805,-116.31000000000006,-142.98262712712716,-89.72833533533527
2835,-146.62072974217313,-172.37848084675377,-120.95082107084058
2865,-134.60698441984414,-160.72734927968148,-108.57569862585011
2895,-138.5640979853481,-164.56502433775358,-112.65184337405175
2925,-159.04457685664943,-184.4273360052627,-133.74838129493918
2955,-134.28335593220345,-160.4134889482703,-108.24233529461655
2985,-166.20254545454543,-191.36925392090652,-141.1216637709479
3015,-124.13026548672576,-150.56685166582523,-97.78383679254482
3045,-116.31000000000006,-142.98262712712716,-89.72833533533527
3075,-116.31000000000006,-142.98262712712716,-89.72833533533527
3105,-116.31000000000006,-142.98262712712716,-89.72833533533527
3135,-116.31000000000006,-142.98262712712716,-89.72833533533527
3165,-148.9223690476191,-174.6106492212451,-123.32169438843607
3195,-137.3311349191938,-163.3692760914174,-111.38179240289868
3225,-148.6028691358025,-174.30079285186423,-122.99258382184654
3255,-151.23585384041758,-176.85430554790426,-125.70476950925558
3285,-142.91953541726411,-168.78900055748312,-117.13829369202861
3315,-174.2879459691253,-199.21061085334915,-149.4502755984974
3345,-163.272138690862,-188.52729632711134,-138.10310947824047
3375,-142.30088235294113,-168.18902044691748,-116.50103135488418
3405,-116.31000000000006,-142.98262712712716,-89.72833533533527
3435,-116.31000000000006,-142.98262712712716,-89.72833533533527
3465,-116.31000000000006,-142.98262712712716,-89.72833533533527
3495,-145.68473684210528,-171.4707392447849,-119.98667321892526
3525,-159.67377321874142,-185.03754118271323,-134.39650407546443
3555,-169.2465844779083,-194.32141398464483,-144.25726841635606
3585,-171.13133601524464,-196.14927761447674,-146.198713854655
3615,-152.63362409789772,-178.2098865705995,-127.14458512230455
3645,-163.325207271115,-188.57876312568385,-138.1577743775697
3675,-173.3222580645163,-198.27407053828034,-148.45553950724928
3705,-156.8707198937069,-182.3190930881962,-131.50913405167444
3735,-152.49356512530892,-178.07405503155823,-127.00031313311193
3765,-116.31000000000006,-142.98262712712716,-89.72833533533527
3795,-116.31000000000006,-142.98262712712716,-89.72833533533527
3825,-116.31000000000006,-142.98262712712716,-89.72833533533527
3855,-128.64055813953496,-154.9410090741905,-102.42980042367944
3885,-150.12195967257423,-175.77403231477567,-124.55736906518251
3915,-158.4380785391079,-183.83914377184232,-133.1236393230657
3945,-153.6314922571563,-179.17763583597673,-128.17246946007472
3975,-157.39021814352338,-182.82291119779327,-132.0442589672567
4005,-156.3103376921972,-181.77562503702148,-130.93189538266526
4035,-149.8947146086465,-175.55364624309252,-124.32328840043765
4065,-164.55654808031,-189.7729380800315,-139.42615429377955
4095,-129.57861861861852,-155.85075584894196,-103.39607804801791
4125,-119.08308577405865,-145.67201218844377,-92.58483637507805
4155,-115.03483405483416,-141.74594982139445,-88.41481200970094
4185,-120.0623991507432,-146.62176671469777,-93.59360779675642
4215,-122.06850122183005,-148.5673181260272,-95.66005402986477
4245,-142.6533948988565,-168.5308930221476,-116.86414758567275
4275,-157.1878093636966,-182.62661177069373,-131.83576166961183
4305,-152.8116818846596,-178.38256999649565,-127.32799894158755
4335,-150.02122590279657,-175.67633901652127,-124.45360519289308
4365,-130.93708518368987,-157.16821949199905,-104.79540770160543
4395,-151.3755087563734,-176.98974522605081,-125.84862528766858
4425,-154.45836612021856,-179.97955196699434,-129.02421594107756
4455,-126.97292609351439,-153.32371156601556,-100.71200549720166
4485,-72.12549999999999,-100.13175848348348,-44.21475210210209
4515,-116.31000000000006,-142.98262712712716,-89.72833533533527
4545,-116.31000000000006,-142.98262712712716,-89.72833533533527
4575,-107.7581612903225,-134.68891061545418,-80.91925470954821
4605,-135.3936535918907,-161.4902742275109,-109.3860310464718
4635,-160.20244003777157,-185.55025112440126,-134.9410733536181
4665,-141.88352391035824,-167.7842592342651,-116.07111864308277
4695,-140.51900152968983,-166.4609225597451,-114.66555101311836
4725,-144.540809806835,-170.3613396334669,-118.80833650961497
4755,-157.61290217391308,-183.03887390270714,-132.27364140118377
4785,-166.0655649326112,-191.23640791490578,-140.9805628331442
4815,-134.7465678052771,-160.86271958632796,-108.71948072208006
4845,-129.23541185527336,-155.5179081776157,-103.0425475205767
4875,-116.31000000000006,-142.98262712712716,-89.72833533533527
4905,-131.39739024390258,-157.6146310542251,-105.26955887839071
4935,-131.61334334688127,-157.8240659929237,-105.49200791655774
4965,-148.0736681915788,-173.78756490661152,-122.44746435185068
4995,-145.35707895628605,-171.15297113548664,-119.64915928398747
5025,-142.36195061399997,-168.24824547001214,-116.56393656785731
5055,-124.64669811320755,-151.06769668253162,-98.3158038699076
5085,-144.3001809954751,-170.12797377920913,-118.56046951023414
5115,-139.29187080536917,-165.27083061627067,-113.40150782241972
5145,-142.55821782178225,-168.43858869760862,-116.76610755309774
5175,-136.2941643684502,-162.36360467141174,-110.31362946178398
5205,-116.31000000000006,-142.98262712712716,-89.72833533533527
5235,-116.31000000000006,-142.98262712712716,-89.72833533533527
5265,-116.31000000000006,-142.98262712712716,-89.72833533533527
5295,-113.85042544731607,-140.59729050282894,-87.19477603010561
5325,-138.626216839677,-164.62526824380993,-112.71583078246093
5355,-150.95943964886612,-176.58623443216433,-125.42004069453493
5385,-160.75963819272874,-186.0906312338638,-135.5150321989835
5415,-132.41948428879834,-158.60587498952546,-106.32239782382531
5445,-134.38568580625065,-160.51273017519648,-108.34774328247879
5475,-169.4675767749037,-194.53573601815907,-144.48490822903244
5505,-161.91338253521133,-187.20955183425687,-136.70348152310055
5535,-126.7698663612066,-153.1267808342898,-100.50283766622663
5565,-121.9309268514312,-148.43389619583238,-95.51834138045349
5595,-116.31000000000006,-142.98262712712716,-89.72833533533527
5625,-116.31000000000006,-142.98262712712716,-89.72833533533527
5655,-116.31000000000006,-142.98262712712716,-89.72833533533527
5685,-140.81958227634027,-166.75243080565767,-114.97517332028461
5715,-152.0590801374184,-177.6526842082213,-126.55275870429763
5745,-164.11569506476098,-189.34539143674155,-138.9720402850929
5775,-147.33610658307214,-173.07226529695848,-121.68771666525465
5805,-147.48595968080645,-173.21759534271789,-121.84207738986359
5835,-145.9968132335431,-171.7733961596824,-120.30813696337938
5865,-139.0456575682382,-165.03204889230358,-113.14788841603782
5895,-138.42738339021628,-164.43243623202284,-112.51101636220986
5925,-116.31000000000006,-142.98262712712716,-89.72833533533527
5955,-116.31000000000006,-142.98262712712716,-89.72833533533527
5985,-116.31000000000006,-142.98262712712716,-89.72833533533527
6015,-116.31000000000006,-142.98262712712716,-89.72833533533527
6045,-135.31617140348965,-161.41513070257798,-109.30621817021681
6075,-148.35275912083011,-174.05823196743552,-122.73495042135735
6105,-148.64528506407964,-174.3419285300093,-123.03627563418019
6135,-159.44207731354936,-184.81283861057472,-134.15783868679299
6165,-152.55086064981947,-178.12962119151638,-127.05933212447096
6195,-147.78589588377724,-173.50847849936716,-122.15103576527972
6225,-133.09258677144737,-159.25866105857008,-107.0157474344023
6255,-118.02257751937987,-144.64351350866374,-91.4924277087165
6285,-116.31000000000006,-142.98262712712716,-89.72833533533527
6315,-116.31000000000006,-142.98262712712716,-89.72833533533527
6345,-116.31000000000006,-142.98262712712716,-89.72833533533527
6375,-108.9151046025105,-135.81093363028302,-82.11099922935489
6405,-139.89472060050048,-165.8554844515075,-114.02249152321639
6435,-122.80546772068521,-149.28204058836604,-96.41918870572961
6465,-139.85181549087326,-165.8138743570903,-113.9782958148084
6495,-145.35519135524544,-171.1511405083607,-119.64721490333193
6525,-134.19135140018068,-160.32426141109494,-108.14756323821562
6555,-124.67592917251045,-151.09604545376368,-98.34591420838784
6585,-143.49950869077657,-169.3514683586375,-117.73571273846024
6615,-119.9274444444444,-146.49088537865347,-93.45459361174022
6645,-116.31000000000006,-142.98262712712716,-89.72833533533527
6675,-116.31000000000006,-142.98262712712716,-89.72833533533527
6705,-116.31000000000006,-142.98262712712716,-89.72833533533527
6735,-118.95577844311379,-145.54854740518962,-92.4536996007983
6765,-123.49070511140235,-149.94659529463937,-97.1250382461098
6795,-134.60183035321074,-160.7223507794768,-108.57038952332063
6825,-136.8609302325582,-162.91326370556607,-110.89744381590899
6855,-146.2162044429017,-171.98616543157175,-120.53412752721471
6885,-151.00986910994754,-176.63514176873204,-125.47198708918337
6915,-135.4081276509795,-161.5043114126042,-109.40094048967147
6945,-150.9828844114528,-176.6089715558613,-125.44419068272931
6975,-116.31000000000006,-142.98262712712716,-89.72833533533527
7005,-102.05693548387103,-129.15976627433892,-75.04653429235684
7035,-116.31000000000006,-142.98262712712716,-89.72833533533527
7065,-116.31000000000006,-142.98262712712716,-89.72833533533527
7095,-115.54490043290048,-142.2406207436874,-88.94022133995462
7125,-149.082720288343,-174.7661605420274,-123.48686904337706
7155,-150.66895331888907,-176.30451592072666,-125.12081644717387
7185,-157.3448920570264,-182.77895319943156,-131.99756945825652
7215,-170.1686337377239,-195.21563281059804,-145.20705319906847
7245,-141.13572026300062,-167.05902672367532,-115.30082083398393
7275,-136.57811926605518,-162.63898889026657,-110.60612580929566
7305,-155.9787799778626,-181.4540748086668,-130.59036431118122
7335,-132.03402135231318,-158.23204657326372,-105.92534004467102
7365,-116.31000000000006,-142.98262712712716,-89.72833533533527
7395,-116.31000000000006,-142.98262712712716,-89.72833533533527
7425,-116.31000000000006,-142.98262712712716,-89.72833533533527
7455,-122.41845622119808,-148.90671034975065,-96.02053578232602
7485,-133.8497266964564,-159.99294804770474,-107.79566235923129
7515,-136.44483790955246,-162.5097303969002,-110.46883530894763
7545,-128.1511222193144,-154.46634591568815,-101.9256421217344
7575,-135.1280920628093,-161.23272820572794,-109.11248134561755
7605,-141.54480918067793,-167.45576801247478,-115.72221527104897
7635,-148.48281126567065,-174.18435871720942,-122.86891457437174
7665,-154.24556682411787,-179.77317564306458,-128.8050155772611
7695,-144.6765031050469,-170.4929372683276,-118.94811150361417
7725,-141.55828571428572,-167.46883778063778,-115.73609718289713
7755,-118.82763532763533,-145.42427206408686,-92.32170190133142
7785,-116.31000000000006,-142.98262712712716,-89.72833533533527
7815,9.931428571428796,-20.551573859573637,40.31047390247426
7845,-125.95727074235799,-152.33871198381783,-99.66579892337747
7875,-131.51863858207025,-157.73221972473365,-105.3944544035429
7905,-138.7880337135358,-164.78220096017068,-112.88251515722834
7935,-151.78500248570708,-177.38687910797938,-126.27043671324799
7965,-127.66887788778877,-153.99865728043486,-101.42889173366508
7995,-163.06404022737217,-188.32547894943482,-137.888751349513
8025,-134.64614651704437,-160.76532933791304,-108.61603873087573
8055,-130.52053216180366,-156.76423938983746,-104.36632463780084
8085,-116.31000000000006,-142.98262712712716,-89.72833533533527
8115,-106.32480225988718,-133.29881500426993,-79.44277980240139
8145,-116.31000000000006,-142.98262712712716,-89.72833533533527
8175,-116.65371450797363,-143.31596721770396,-90.08238888051801
8205,-152.2382587268994,-177.8264546073794,-126.73732704038734
8235,-134.75997120230397,-160.87571842540896,-108.73328729737659
8265,-154.76372909963618,-180.27569810239595,-129.33876433203085
8295,-149.68965956313252,-175.35478042317743,-124.11206523662695
8325,-156.0297600540723,-181.50351614101433,-130.64287788362873
8355,-149.91636588955157,-175.5746440181952,-124.34559095847445
8385,-143.98646630813028,-169.82372801748284,-118.23731818943261
8415,-124.69484735973595,-151.11439262880867,-98.36540146045373
8445,-125.29667796610181,-151.69805803769884,-98.98533531497608
8475,-113.87894085281982,-140.62494522101204,-87.22414918770215
8505,-108.48973451327436,-135.39840258842924,-81.67283387812597
8535,-108.53103873239434,-135.4384601124011,-81.71538054075191
8565,-129.91712510936134,-156.1790451171206,-103.74476691722339
8595,-135.24495027034243,-161.34605925396733,-109.23285468366701
8625,-144.92875769156024,-170.73757799418044,-119.20795398501022
8655,-157.72729203782387,-183.14981110993145,-132.39147214708203
8685,-137.04272692307688,-163.08957318299065,-111.08470900631389
8715,-143.73954737651343,-169.5842618991756,-117.98297186105941
8745,-143.47810653246313,-169.33071218679956,-117.71366679669863
8775,-133.20680307090606,-159.3694299400799,-107.13339939497685
8805,-101.90912592592576,-129.01641808771714,-74.89427857783681
8835,-116.31000000000006,-142.98262712712716,-89.72833533533527
8865,-112.89806949806939,-139.67367974151742,-86.21377292350249
8895,-119.58368372308405,-146.15750046955966,-93.1004924630581
8925,-135.70245645316163,-161.7897564179872,-109.70412279197328
8955,-150.58595187208118,-176.2240197264867,-125.03531829153636
8985,-162.27811568766572,-187.56327615852905,-137.07918595999922
9015,-136.56749934503523,-162.62868951286882,-110.59518643781306
9045,-149.63376779264934,-175.3005756474023,-124.0544922246445
9075,-138.12314480077737,-164.13738054886755,-112.19762618322882
9105,-147.7189047091705,-173.44350933544425,-122.08202947571307
9135,-117.90295178008114,-144.52749846173353,-91.36920359070194
9165,-116.31000000000006,-142.98262712712716,-89.72833533533527
9195,-116.31000000000006,-142.98262712712716,-89.72833533533527
9225,-94.2177499999998,-121.5571928053051,-66.97154371871845
9255,-86.02778816199373,-113.61443054892895,-58.53522533125012
9285,-127.00764123257534,-153.35737888971153,-100.7477648782312
9315,-148.83632058047488,-174.5271979756141,-123.23305755716127
9345,-137.28509803921554,-163.32462875362455,-111.33437071953259
9375,-148.65008132585808,-174.34658002506862,-123.04121616897541
9405,-132.60547445255486,-158.78625136757975,-106.51398262842176
9435,-149.52538648075176,-175.19546563462524,-123.94285076983613
9465,-150.47360926663714,-176.11506798483586,-124.91959638626366
9495,-136.99349244378925,-163.04182475979493,-111.03399353887619
9525,-114.07563843236426,-140.8157058303564,-87.42676349041845
9555,-116.31000000000006,-142.98262712712716,-89.72833533533527
9585,-116.31000000000006,-142.98262712712716,-89.72833533533527
9615,-116.31000000000006,-142.98262712712716,-89.72833533533527
9645,-135.93940211750055,-162.01955029453373,-109.9481958541477
9675,-131.7269519546951,-157.93424552489114,-105.60903390593752
9705,-145.28241679648772,-171.08056252155706,-119.57225126365566
9735,-130.4682738814995,-156.7135584337362,-104.31249441248998
9765,-132.2772545172104,-158.46793817323174,-106.17588973733776
9795,-135.47994753304408,-161.57396353795022,-109.47492073568873
9825,-134.30276260990274,-160.4323098695641,-108.26232573109891
9855,-139.8601142131979,-165.82192259708947,-113.98684416523113
9885,-5.8487499999999955,-35.855455518018054,24.05562274774781
9915,-116.31000000000006,-142.98262712712716,-89.72833533533527
9945,-102.29906002265022,-129.3945827101169,-75.29594201109389
9975,-119.72632731958765,-146.2958386201923,-93.24742682244089
10005,-140.1349754901961,-166.0884876702684,-114.26997335325524
10035,-146.5580450592886,-172.31768819068083,-120.88625081358033
10065,-138.98411109949836,-164.97236009538497,-113.08449061075079
10095,-126.95577121087308,-153.3070744733097,-100.69433459045936
10125,-120.94791054993527,-147.48055051103424,-94.50575564885636
10155,-141.45703180794374,-167.3706400452257,-115.63179752817689
10185,-144.4463561320755,-170.2697368766172,-118.7110416395168
10215,-138.1941960237183,-164.20628721571254,-112.27081464862147
10245,-116.31000000000006,-142.98262712712716,-89.72833533533527
10275,-116.31000000000006,-142.98262712712716,-89.72833533533527
10305,-110.31481682496621,-137.16839800315933,-83.55281522227794
10335,-126.2528207658903,-152.62534135013425,-99.97023918173998
10365,-137.44898864496588,-163.4835726099301,-111.5031912046792
10395,-138.39785002987458,-164.40379428417668,-112.48059462938343
10425,-133.39526469689713,-159.55220318363155,-107.32753000414552
10455,-147.63907704495944,-173.36609112876,-121.9998005710206
10485,-130.06919089190887,-156.32652106169704,-103.90140688487956
10515,-135.908238102572,-161.98932691053903,-109.91609441614722
10545,-141.93270694997784,-167.83195777040882,-116.12178112353165
10575,-140.98365321445328,-166.911549551311,-115.14417956224639
10605,-72.12549999999999,-100.13175848348348,-44.21475210210209
10635,-116.31000000000006,-142.98262712712716,-89.72833533533527
10665,-109.02684065934045,-135.9192971309219,-82.22609634084604
10695,-117.62371159563929,-144.25668665072402,-91.08156377636298
10725,-146.90748778103625,-172.6565835989821,-121.24620487895429
10755,-155.65587268058323,-181.1409138997555,-130.25774386393516
10785,-152.26079353750333,-177.8483092443924,-126.7605397049659
10815,-150.24527744982288,-175.89362796198918,-124.68439627877424
10845,-138.9160232558139,-164.9063273634098,-113.01435466396616
10875,-129.70098400104075,-155.9694278476904,-103.5221242184563
10905,-129.2715942426321,-155.55299846330232,-103.07981828518041
10935,-140.63174311926593,-166.57026124289422,-114.78168390408746
10965,-144.81612903225812,-170.62834883270364,-119.09193742129217
10995,-118.17039999999997,-144.78687422791208,-91.64469673462929
11025,-116.31000000000006,-142.98262712712716,-89.72833533533527
11055,-139.56499999999994,-165.53571588693956,-113.68285282651068
11085,-125.97519698929796,-152.35609715854866,-99.68426439729151
11115,-124.02865924227535,-150.46831222701027,-97.6791742012784
11145,-134.08776352941175,-160.22380015786368,-108.04085941270664
11175,-115.44730231044582,-142.14596844876107,-88.83968743621581
11205,-110.4962499999998,-137.34435493717385,-83.73970596254131
11235,-140.320984958758,-166.26888277044642,-114.46157804335154
11265,-145.76633333333336,-171.54987288955624,-120.07072415749083
11295,-134.41376440460942,-160.53996127048939,-108.37666649363821
11325,-116.31000000000006,-142.98262712712716,-89.72833533533527
11355,-116.31000000000006,-142.98262712712716,-89.72833533533527
11385,-116.31000000000006,-142.98262712712716,-89.72833533533527
11415,-116.31000000000006,-142.98262712712716,-89.72833533533527
11445,-124.08439882697951,-150.52236941046615,-97.73659044968716
11475,-140.40593563487414,-166.35126935993918,-114.54908406170942
11505,-135.21931544110987,-161.3211981669312,-109.2064487509543
11535,-133.27893648449037,-159.43938613354862,-107.20770260363757
11565,-146.51921086261984,-172.28002613588035,-120.8462484724341
11595,-135.09428258830894,-161.19993921070184,-109.07765487181462
11625,-142.70163078205303,-168.57767299011743,-116.91383441894453
11655,-118.76566891623668,-145.3641759997394,-92.25787152138241
11685,-116.31000000000006,-142.98262712712716,-89.72833533533527
11715,-116.31000000000006,-142.98262712712716,-89.72833533533527
11745,-116.31000000000006,-142.98262712712716,-89.72833533533527
11775,-119.17513663733212,-145.7612846584426,-92.6796561563879
11805,-130.65790790524363,-156.89746868827854,-104.50783268549363
11835,-141.90354628330988,-167.80367726713382,-116.09174329511835
11865,-142.02560140520143,-167.9220483700196,-116.21746987229466
11895,-127.66256190653496,-153.9925319359575,-101.42238576576929
11925,-125.83370569948192,-152.2188765342545,-99.53851700633275
11955,-144.97390526451284,-170.7813628671147,-119.25445961072407
11985,-148.76708246708245,-174.46004969279744,-123.16173674020513
12015,-124.17001270648029,-150.60539918571672,-97.82477962078968
12045,-116.31000000000006,-142.98262712712716,-89.72833533533527
12075,-116.31000000000006,-142.98262712712716,-89.72833533533527
12105,-116.31000000000006,-142.98262712712716,-89.72833533533527
12135,-114.8549670691549,-141.57151180406535,-88.22953457024542
12165,-124.75245732184806,-151.17026373562283,-98.42474434779331
12195,-136.58934011965346,-162.6498710621506,-110.61768418959177
12225,-161.55662740384605,-186.8635647285506,-136.33599508859805
12255,-137.184566929134,-163.22713199813998,-111.23081560300459
12285,-134.9876109385957,-161.09648725696553,-108.96777450635055
12315,-130.34408941826337,-156.59312225992608,-104.18457444273201
12345,-129.18447996762427,-155.46851357934204,-102.9900835862165
12375,-133.47944748026725,-159.63384505786914,-107.41424503130942
12405,-116.31000000000006,-142.98262712712716,-89.72833533533527
12435,-116.31000000000006,-142.98262712712716,-89.72833533533527
12465,-111.52899008115423,-138.3459235768682,-84.80351118025156
12495,-120.28759939984991,-146.84016969069592,-93.82558213802687
12525,-125.25397576621526,-151.65664472854903,-98.94134861989578
12555,-136.8271326303569,-162.8804862244948,-110.86262957152755
12585,-124.17634779338016,-150.61154305917006,-97.83130526903537
12615,-135.61010952974345,-161.70019682389798,-109.60899804493928
12645,-132.58515395683457,-158.7665442102535,-106.49305088599391
12675,-138.92040511727078,-164.91057696609198,-113.01886833315187
12705,-130.18268445839874,-156.43658902466044,-104.0183143724571
12735,-116.31000000000006,-142.98262712712716,-89.72833533533527
12765,-116.31000000000006,-142.98262712712716,-89.72833533533527
12795,-116.31000000000006,-142.98262712712716,-89.72833533533527
12825,-104.83350649350643,-131.85253137553127,-77.90662540462519
12855,-135.40742632612967,-161.50363125601044,-109.40021806875639
12885,-135.49038858743234,-161.5840894474907,-109.48567586017674
12915,-129.75693264248696,-156.0236877778787,-103.57975581209777
12945,-144.30525745497494,-170.13289701471476,-118.56569867118368
12975,-137.2770199304017,-163.3167944683057,-111.32604961874233
13005,-128.79149717514122,-155.08739228069868,-102.58527975150284
13035,-133.80297375444843,-159.94760626095413,-107.74750307447134
13065,-145.08130232558142,-170.88551833694163,-119.3650872081383
13095,-124.9295377438508,-151.3419992967947,-98.60715140288725
13125,-116.31000000000006,-142.98262712712716,-89.72833533533527
13155,-116.31000000000006,-142.98262712712716,-89.72833533533527
13185,-116.31000000000006,-142.98262712712716,-89.72833533533527
13215,-118.59343669250643,-145.1971423025093,-92.08045849984342
13245,-141.09998349834984,-167.02436861035955,-115.26400909655526
13275,-133.99122518643003,-160.1301756548325,-107.94141716693056
13305,-145.23335599861696,-171.03298253751038,-119.52171470202467
13335,-137.1226359030536,-163.16707025106723,-111.16702167277504
13365,-150.3345199337167,-175.9801768185966,-124.77632320379644
13395,-140.27865313081224,-166.22782865421232,-114.4179728611129
13425,-151.91765591397848,-177.51552862602276,-126.40708039709197
13455,-133.6826736566187,-159.83093720981805,-107.6235843130155
13485,-116.31000000000006,-142.98262712712716,-89.72833533533527
13515,-116.31000000000006,-142.98262712712716,-89.72833533533527
13545,-116.31000000000006,-142.98262712712716,-89.72833533533527
13575,-114.47661825726152,-141.20458278506734,-87.83980491071989
13605,-140.59012983091793,-166.52990397840477,-114.73881887533673
13635,-144.12070017546841,-169.9539102718216,-118.37558985243234
13665,-145.02404473020158,-170.82998896129016,-119.30610728682983
13695,-151.85557535641544,-177.45532186081195,-126.34313243742716
13725,-134.13850234842016,-160.27300751493382,-108.09312447086279
13755,-140.47434235712342,-166.41761134569086,-114.61954847902325
13785,-151.37393669193045,-176.98822061160575,-125.8470059350477
13815,-141.16745838881502,-167.0898068900292,-115.3335136523008
13845,-116.31000000000006,-142.98262712712716,-89.72833533533527
13875,-116.31000000000006,-142.98262712712716,-89.72833533533527
13905,-104.0365277777779,-131.0796080594485,-77.08567332610397
13935,-105.26387499999998,-132.2699099662162,-78.34993952702705
13965,-137.22375435043978,-163.26513661611364,-111.27118179389277
13995,-144.25926511627915,-170.08829287380414,-118.5183228689155
14025,-150.25012384386264,-175.89832807615574,-124.68938845382453
14055,-140.65479313725496,-166.59261553666423,-114.80542727364627
14085,-142.68880597014925,-168.5652352725861,-116.90062383278803
14115,-137.3533892466678,-163.39085871119,-111.40471614732904
14145,-142.95146314479325,-168.819964602758,-117.17118181533762
14175,-138.13913101014566,-164.15288424264583,-112.21409326264953
14205,-105.07069952305244,-132.08256515100155,-78.15095327282762
14235,-116.31000000000006,-142.98262712712716,-89.72833533533527
14265,-110.6814012738854,-137.52391774577134,-83.93042664320375
14295,-117.76463374485593,-144.39335531292613,-91.22672490679972
14325,-132.4958700209644,-158.67995515282473,-106.4010812621073
14355,-145.24321472392637,-171.04254369455015,-119.53186998079761
14385,-143.96385587306247,-169.8018000385973,-118.21402762558334
14415,-156.96436967910938,-182.40991621967424,-131.60560085117854
14445,-154.41242307692312,-179.93499563358904,-128.9768909170304
14475,-132.469264969523,-158.6541531280293,-106.37367592260593
14505,-129.08747252747253,-155.3744341380131,-102.89015813268442
14535,-133.54508865248238,-159.69750496684634,-107.4818607100008
14565,-116.31000000000006,-142.98262712712716,-89.72833533533527
14595,-116.31000000000006,-142.98262712712716,-89.72833533533527
14625,-116.31000000000006,-142.98262712712716,-89.72833533533527
14655,-124.72609523809524,-151.14469734496404,-98.39758928452255
14685,-143.25351605578987,-169.11290057832736,-117.48232057000241
14715,-149.09023732426112,-174.77345068944834,-123.49461219402777
14745,-142.5145781864942,-168.39626624789466,-116.7211552242731
14775,-132.84523122159862,-159.01877150058388,-106.76095135418772
14805,-136.29705598813496,-162.36640901264627,-110.31660806227052
14835,-141.465876372509,-167.37921765217828,-115.64090813994133
14865,-141.49831353919228,-167.41067576008302,-115.67432102648948
14895,-116.31000000000006,-142.98262712712716,-89.72833533533527
14925,-105.06303636363634,-132.07513329056326,-78.1430596032396
14955,-83.5807407407408,-111.24124294665047,-56.01456997738483
14985,-122.28087837837836,-148.77328505194393,-95.87881955604249
15015,-130.36306828811973,-156.6115282860036,-104.20412420278083
15045,-153.62110147927717,-179.16755868543754,-128.16176612442865
15075,-153.94293260835047,-179.47967590838567,-128.49327803200077
15105,-160.1291231541643,-185.47914718186885,-134.86555107579522
15135,-151.45288416988421,-177.06478519890558,-125.92832817721197
15165,-121.18867132867138,-147.71404434946547,-94.7537585852323
15195,-140.60174273127768,-166.54116636380883,-114.7507810952803
15225,-122.54781176470601,-149.0321615238769,-96.15378238002714
15255,-124.89592675635276,-151.30940279779034,-98.5725293866362
15285,-120.88081034482752,-147.41547560750408,-94.43663704911802
15315,104.61249999999995,71.27171609109095,137.8395808308309
15345,-120.34511415525128,-146.89594846444632,-93.88482695480884
15375,-122.45255292259094,-148.93977790223093,-96.05565812289393
15405,-144.00337856392866,-169.84012980660984,-118.25473917104253
15435,-128.56542830540036,-154.86814690185136,-102.35241066122471
15465,-129.88309810305782,-156.1460451561061,-103.70971636819445
15495,-140.73774000747107,-166.67305880161084,-114.89086921101149
15525,-132.3158245948522,-158.50534408097315,-106.21562001467609
15555,-138.10443780637252,-164.1192381921596,-112.17835647672787
15585,-133.4597789757413,-159.6147702125307,-107.3939848921698
15615,-138.04008196721315,-164.05682482072245,-112.11206479430253
15645,-105.68446893787575,-132.6778090164313,-78.78318505880631
15675,-116.31000000000006,-142.98262712712716,-89.72833533533527
15705,-116.31000000000006,-142.98262712712716,-89.72833533533527
15735,-116.31000000000006,-142.98262712712716,-89.72833533533527
15765,-136.26849619793438,-162.3387112494403,-110.28718918487206
15795,-133.35552514643496,-159.51366310154825,-107.28659507588762
15825,-128.59191688454678,-154.893835969863,-102.37969602490907
15855,-126.07613305613302,-152.4539866478799,-99.78823665179564
15885,-104.48240917782039,-131.5120313142973,-77.5449669746229
15915,-130.19655714285727,-156.4500429865581,-104.03260435149436
15945,-141.92653783044682,-167.82597485489148,-116.11542643500397
15975,-127.4583179142137,-153.79445268902217,-101.21199805187864
16005,-116.31000000000006,-142.98262712712716,-89.72833533533527
16035,-116.31000000000006,-142.98262712712716,-89.72833533533527
16065,-116.31000000000006,-142.98262712712716,-89.72833533533527
16095,-129.62109019017134,-155.8919454908684,-103.43982717739395
16125,-149.75659637167325,-175.4196968619785,-124.18101552477974
16155,-159.64882480437905,-185.01334579232264,-134.37080520519052
16185,-179.89807149079138,-204.6514046114152,-155.2291554065575
16215,-172.53034606997267,-197.50606101332224,-147.6398065584312
16245,-141.22060288065848,-167.1413473089345,-115.38825674666428
16275,-138.05302542955337,-164.06937760743568,-112.12539759993669
16305,-142.3219003719878,-168.20940407405638,-116.5226816023529
16335,-129.21058394160593,-155.49382965081878,-103.01697277569541
16365,-119.53514598540141,-146.11042775805004,-93.05049469542534
16395,-116.31000000000006,-142.98262712712716,-89.72833533533527
16425,-116.31000000000006,-142.98262712712716,-89.72833533533527
16455,-122.50935586734693,-148.99486635008728,-96.1141697175491
16485,-123.34077263083475,-149.80118826207766,-96.97059575080749
16515,-121.26820383522738,-147.79117630730883,-94.83568345383733
16545,-124.95880364109235,-151.37038185444365,-98.63729762724195
16575,-123.02752185480801,-149.497392409323,-96.64792229591798
16605,-124.99349164755995,-151.40402286449591,-98.67302905952144
16635,-149.66783443708619,-175.33361405014296,-124.08958360413402
16665,-146.7458788598575,-172.49985255861566,-121.07973471214682
16695,-154.73130434782627,-180.24425203464352,-129.30536423379905
16725,-116.31000000000006,-142.98262712712716,-89.72833533533527
16755,-121.35965714285715,-147.8798692578292,-94.92988770484766
16785,-125.08614209320103,-151.493876819524,-98.76846645881952
16815,-130.22736520998876,-156.47992116641333,-104.06433913467956
16845,-140.70474904044886,-166.64106360885552,-114.85688586564127
16875,-151.05898306484926,-176.68277330535832,-125.52257840682485
16905,-140.33226031042125,-166.2798177954673,-114.47319256103103
16935,-140.56171550404554,-166.50234728797238,-114.70954983684746
16965,-119.6300626174077,-146.20247949859697,-93.14826644866531
16995,-143.14347953645301,-169.00618531763388,-117.3689741186103
17025,-140.56815686274513,-166.50859422559824,-114.71618495358103
17055,-116.31000000000006,-142.98262712712716,-89.72833533533527
17085,-116.31000000000006,-142.98262712712716,-89.72833533533527
17115,-116.31000000000006,-142.98262712712716,-89.72833533533527
17145,-116.31000000000006,-142.98262712712716,-89.72833533533527
17175,-106.11917627677099,-133.09939547949932,-79.2309685270113
17205,-130.32093997735,-156.5706715441377,-104.16072865957689
17235,-124.99840722202362,-151.40879007099693,-98.67809249596387
17265,-141.9554823647726,-167.85404574939855,-116.14524162974833
17295,-131.63795625942691,-157.84793600802922,-105.51736119301803
17325,-125.65171173002648,-152.0423757324106,-99.35104860278045
17355,-120.35126524390262,-146.90191389331426,-93.89116307008236
17385,-129.00042155651636,-155.29001064738307,-102.80048864197734
17415,-116.31000000000006,-142.98262712712716,-89.72833533533527
17445,-116.31000000000006,-142.98262712712716,-89.72833533533527
17475,-116.31000000000006,-142.98262712712716,-89.72833533533527
17505,-123.7126387434555,-150.16183025066957,-97.35364770948956
17535,-122.84024791418358,-149.3157710029457,-96.45501509805383
17565,-119.46777075316106,-146.04508612859695,-92.98109279565433
17595,-124.70801731432675,-151.12716507150265,-98.37896757129461
17625,-126.9375277168806,-153.28938162707016,-100.67554232660463
17655,-127.42774895964385,-153.76480640453676,-101.1805095738339
17685,-118.57963740746334,-145.18375952459488,-92.06624412809849
17715,-137.13216923076925,-163.17631583206688,-111.17684176589539
17745,-137.21106634596117,-163.2528315767161,-111.25811213037052
17775,-129.095555181696,-155.38227283154635,-102.8984839156115
17805,-116.31000000000006,-142.98262712712716,-89.72833533533527
17835,-116.31000000000006,-142.98262712712716,-89.72833533533527
17865,-93.41647668393784,-120.78010451384026,-66.1461678569761
17895,-121.20578947368426,-147.7306458134034,-94.77139164926697
17925,-138.35114996144932,-164.3585037751126,-112.43248980865962
17955,-161.45991759276694,-186.76977393288462,-136.23637621691194
17985,-155.0642509695026,-180.56714924861677,-129.6483259913814
18015,-149.44429442186913,-175.1168211967969,-123.85931943709487
18045,-117.74923452768735,-144.37842089402105,-91.21086247648297
18075,-115.2385359199759,-141.94350330430473,-88.62464128906122
18105,-117.43072289156623,-144.06952297097357,-90.8827699132233
18135,-122.18169435215941,-148.6770947209668,-95.77665204407059
18165,-116.31000000000006,-142.98262712712716,-89.72833533533527
18195,-113.20933333333335,-139.97554862581885,-86.53439966984521
18225,-127.24546847377735,-153.5880277342754,-100.99274603536952
18255,-131.47567716589708,-157.69055502328445,-105.35020069487082
18285,-126.099594704134,-152.47674014733457,-99.81240403332268
18315,-133.956573857477,-160.09657021524862,-107.9057235154364
18345,-144.2030083798884,-170.0337341479749,-118.4603739127396
18375,-139.9431013523781,-165.9024049155523,-114.07232758286321
18405,-116.16456056616198,-142.8415775265885,-89.57852103897832
18435,-113.14962310866576,-139.91764064917743,-86.47289334341212
18465,-139.76739338555262,-165.73200038441396,-113.89133426681678
18495,-116.31000000000006,-142.98262712712716,-89.72833533533527
18525,-116.31000000000006,-142.98262712712716,-89.72833533533527
18555,-116.31000000000006,-142.98262712712716,-89.72833533533527
18585,-119.85895582329306,-146.42446396597393,-93.38404483198042
18615,-119.18713023255816,-145.7729162481086,-92.69201052261562
18645,-137.13184243304977,-163.17599889816134,-111.1765051380008
18675,-141.28539909311132,-167.20418776177257,-115.45500204894623
18705,-158.22485880061674,-183.63235969583567,-132.90400586982338
18735,-139.5520781626227,-165.52318407247773,-113.66954229632468
18765,-120.09859592711689,-146.65687095509236,-93.63089338320101
18795,-126.90084770534929,-153.25380873712066,-100.63775896914152
18825,-116.31000000000006,-142.98262712712716,-89.72833533533527
18855,-109.1834677419356,-136.07119670073305,-82.38743481384617
18885,-116.31000000000006,-142.98262712712716,-89.72833533533527
18915,-116.31000000000006,-142.98262712712716,-89.72833533533527
18945,-116.31000000000006,-142.98262712712716,-89.72833533533527
18975,-136.91417098445595,-162.96489747908532,-110.95228606585862
19005,-130.53240299577715,-156.7757519235832,-104.37855255008002
19035,-129.24786168368325,-155.52998222986994,-103.05537184362166
19065,-123.31609639056978,-149.7772568306886,-96.9451772417108
19095,-121.89701020719099,-148.4010032657965,-95.48340451321232
19125,-128.9157671033479,-155.20791133986972,-102.71328775704373
19155,-130.49663386846203,-156.74106242441303,-104.34170747650806
19185,-214.49777777777786,-238.2067796685575,-190.86963140918706
19215,-119.99204166666664,-146.55353284743074,-93.5211339381047
19245,-116.31000000000006,-142.98262712712716,-89.72833533533527
19275,-116.31000000000006,-142.98262712712716,-89.72833533533527
19305,-101.97989189189207,-129.08504810756722,-74.96717320563825
19335,-131.8653143336129,-158.06843167895488,-105.75155826740412
19365,-144.63652813087208,-170.45416886838194,-118.9069340700266
19395,-163.442109522412,-188.69213688830362,-138.27819308423287
19425,-174.10013363797043,-199.02846730681193,-149.25681381515147
19455,-169.03964713009236,-194.12072267640957,-144.04410633001618
19485,-148.3348576288737,-174.04087080050252,-122.7165104470642
19515,-139.66380608429643,-165.6315396835058,-113.78463102795179
19545,-135.96669886565041,-162.04602313838998,-109.97631369680556
19575,-126.83011904761906,-153.18521489942324,-100.56490277181946
19605,-117.90166066282427,-144.52624631457837,-91.36787363624437
19635,-119.34326086956537,-145.92433435666808,-92.85283761679311
19665,-126.8973402555913,-153.25040715355945,-100.6341460142252
19695,-141.73168103777186,-167.6369994715052,-115.91470829058743
19725,-138.25993124380557,-164.27003833389256,-112.33852720417376
19755,-141.34847316780144,-167.26535805654476,-115.51997341103626
19785,-139.00351106639835,-164.991174508433,-113.10447413457081
19815,-137.2634742268042,-163.30365761792729,-111.31209645625
19845,-142.75487156434633,-168.6293067931147,-116.96867670020387
19875,-131.85494945456628,-158.05837964553743,-105.74088160963515
19905,-139.8489123196449,-165.8110588129751,-113.97530531530425
19935,-117.92110300820423,-144.54510182698652,-91.38790081330184
19965,-97.89979166666672,-125.12809852560899,-70.76434232148821
19995,-111.28903409090901,-138.11321023580382,-84.55633724064953
20025,-116.31000000000006,-142.98262712712716,-89.72833533533527
20055,-148.28764787752266,-173.99508599239468,-122.6678806119968
20085,-134.30991612748642,-160.43924747081144,-108.26969442867272
20115,-143.04927769643734,-168.91482679433955,-117.27193865852196
20145,-134.07804412699954,-160.21437411850468,-108.0308476477063
20175,-156.6844830628953,-182.13847748829767,-131.31729516020266
20205,-138.72634168704155,-164.72237099890236,-112.81896741576539
20235,-125.86694370370356,-152.25111130782625,-99.5727548198567
20265,-148.8780826052423,-174.56769948717582,-123.27607579636819
20295,-130.25775648252534,-156.50939513188501,-104.09564458596127
20325,-116.31000000000006,-142.98262712712716,-89.72833533533527
20355,-116.31000000000006,-142.98262712712716,-89.72833533533527
20385,-116.31000000000006,-142.98262712712716,-89.72833533533527
20415,-107.19979381443306,-134.14739647895314,-80.3440913697202
20445,-114.86298837399704,-141.57929099994055,-88.2377971583832
20475,-144.98835663732086,-170.79537805067284,-119.26934568523296
20505,-143.37873232799257,-169.2343374177665,-117.6113033858552
20535,-153.64131015629027,-179.18715739910746,-128.1825826846086
20565,-129.07239493497593,-155.3598116361056,-102.87462700160792
20595,-138.22655316642124,-164.23766771501994,-112.30414510404364
20625,-126.83011904761918,-153.18521489942339,-100.56490277181958
20655,-125.15621180189669,-151.5618315974035,-98.8406438857192
20685,-116.31000000000006,-142.98262712712716,-89.72833533533527
20715,-116.31000000000006,-142.98262712712716,-89.72833533533527
20745,-116.31000000000006,-142.98262712712716,-89.72833533533527
20775,-130.29552447552464,-156.54602316449697,-104.13454865170665
20805,-134.8737019780939,-160.9860164379272,-108.85043912958241
20835,-132.2448473234482,-158.4365091335681,-106.1425077253051
20865,-125.64026281807833,-152.03127238571665,-99.33925530406972
20895,-126.93003876720297,-153.28211871815603,-100.66782810703695
20925,-132.04932691312,-158.24689016265938,-105.94110600141408
20955,-130.884997562561,-157.1177040440263,-104.74175326894984
20985,-132.61800461361008,-158.7984033277799,-106.52688970054245
21015,-116.31000000000006,-142.98262712712716,-89.72833533533527
21045,-116.31000000000006,-142.98262712712716,-89.72833533533527
21075,-116.31000000000006,-142.98262712712716,-89.72833533533527
21105,-116.31000000000006,-142.98262712712716,-89.72833533533527
21135,-146.99368055555567,-172.74017479632414,-121.33499035841399
21165,-149.77371669004208,-175.43630043367352,-124.19865082754562
21195,-159.00033816425116,-184.38443257992284,-133.7028118891838
21225,-150.77036992989485,-176.40287144984865,-125.22528370076384
